image_id,class
00001.jpg,wolf
00002.jpg,humpback+whale
00003.jpg,weasel
00004.jpg,cow
00005.jpg,horse
00006.jpg,persian+cat
00007.jpg,wolf
00008.jpg,wolf
00009.jpg,horse
00010.jpg,siamese+cat
00011.jpg,weasel
00012.jpg,deer
00013.jpg,mouse
00014.jpg,siamese+cat
00015.jpg,seal
00016.jpg,humpback+whale
00017.jpg,skunk
00018.jpg,otter
00019.jpg,horse
00020.jpg,siamese+cat
00021.jpg,antelope
00022.jpg,cow
00023.jpg,deer
00024.jpg,seal
00025.jpg,wolf
00026.jpg,horse
00027.jpg,wolf
00028.jpg,elephant
00029.jpg,deer
00030.jpg,bat
00031.jpg,horse
00032.jpg,german+shepherd
00033.jpg,polar+bear
00034.jpg,seal
00035.jpg,bat
00036.jpg,bat
00037.jpg,hippopotamus
00038.jpg,weasel
00039.jpg,lion
00040.jpg,moose
00041.jpg,wolf
00042.jpg,deer
00043.jpg,wolf
00044.jpg,wolf
00045.jpg,cow
00046.jpg,humpback+whale
00047.jpg,wolf
00048.jpg,polar+bear
00049.jpg,bobcat
00050.jpg,walrus
00051.jpg,deer
00052.jpg,wolf
00053.jpg,seal
00054.jpg,buffalo
00055.jpg,wolf
00056.jpg,deer
00057.jpg,horse
00058.jpg,blue+whale
00059.jpg,humpback+whale
00060.jpg,bobcat
00061.jpg,elephant
00062.jpg,siamese+cat
00063.jpg,wolf
00064.jpg,ox
00065.jpg,bobcat
00066.jpg,moose
00067.jpg,hippopotamus
00068.jpg,leopard
00069.jpg,otter
00070.jpg,dalmatian
00071.jpg,wolf
00072.jpg,rat
00073.jpg,elephant
00074.jpg,deer
00075.jpg,dalmatian
00076.jpg,german+shepherd
00077.jpg,deer
00078.jpg,leopard
00079.jpg,antelope
00080.jpg,otter
00081.jpg,bat
00082.jpg,wolf
00083.jpg,killer+whale
00084.jpg,seal
00085.jpg,cow
00086.jpg,cow
00087.jpg,wolf
00088.jpg,siamese+cat
00089.jpg,deer
00090.jpg,buffalo
00091.jpg,dolphin
00092.jpg,mole
00093.jpg,wolf
00094.jpg,cow
00095.jpg,deer
00096.jpg,wolf
00097.jpg,leopard
00098.jpg,spider+monkey
00099.jpg,bat
00100.jpg,persian+cat
00101.jpg,siamese+cat
00102.jpg,horse
00103.jpg,spider+monkey
00104.jpg,leopard
00105.jpg,wolf
00106.jpg,german+shepherd
00107.jpg,mole
00108.jpg,blue+whale
00109.jpg,otter
00110.jpg,wolf
00111.jpg,zebra
00112.jpg,otter
00113.jpg,moose
00114.jpg,wolf
00115.jpg,spider+monkey
00116.jpg,mouse
00117.jpg,buffalo
00118.jpg,humpback+whale
00119.jpg,zebra
00120.jpg,bat
00121.jpg,killer+whale
00122.jpg,beaver
00123.jpg,weasel
00124.jpg,cow
00125.jpg,giant+panda
00126.jpg,grizzly+bear
00127.jpg,antelope
00128.jpg,deer
00129.jpg,mole
00130.jpg,buffalo
00131.jpg,killer+whale
00132.jpg,spider+monkey
00133.jpg,siamese+cat
00134.jpg,siamese+cat
00135.jpg,hippopotamus
00136.jpg,deer
00137.jpg,horse
00138.jpg,siamese+cat
00139.jpg,seal
00140.jpg,cow
00141.jpg,grizzly+bear
00142.jpg,leopard
00143.jpg,beaver
00144.jpg,grizzly+bear
00145.jpg,moose
00146.jpg,zebra
00147.jpg,german+shepherd
00148.jpg,wolf
00149.jpg,deer
00150.jpg,siamese+cat
00151.jpg,mole
00152.jpg,bat
00153.jpg,bat
00154.jpg,dolphin
00155.jpg,wolf
00156.jpg,humpback+whale
00157.jpg,wolf
00158.jpg,siamese+cat
00159.jpg,tiger
00160.jpg,weasel
00161.jpg,weasel
00162.jpg,spider+monkey
00163.jpg,humpback+whale
00164.jpg,wolf
00165.jpg,moose
00166.jpg,wolf
00167.jpg,wolf
00168.jpg,german+shepherd
00169.jpg,cow
00170.jpg,spider+monkey
00171.jpg,weasel
00172.jpg,siamese+cat
00173.jpg,otter
00174.jpg,german+shepherd
00175.jpg,horse
00176.jpg,deer
00177.jpg,chihuahua
00178.jpg,blue+whale
00179.jpg,cow
00180.jpg,wolf
00181.jpg,cow
00182.jpg,wolf
00183.jpg,zebra
00184.jpg,wolf
00185.jpg,otter
00186.jpg,hamster
00187.jpg,leopard
00188.jpg,seal
00189.jpg,killer+whale
00190.jpg,chihuahua
00191.jpg,buffalo
00192.jpg,siamese+cat
00193.jpg,polar+bear
00194.jpg,wolf
00195.jpg,wolf
00196.jpg,bobcat
00197.jpg,wolf
00198.jpg,killer+whale
00199.jpg,persian+cat
00200.jpg,siamese+cat
00201.jpg,cow
00202.jpg,horse
00203.jpg,german+shepherd
00204.jpg,deer
00205.jpg,wolf
00206.jpg,elephant
00207.jpg,tiger
00208.jpg,bat
00209.jpg,wolf
00210.jpg,dalmatian
00211.jpg,siamese+cat
00212.jpg,lion
00213.jpg,grizzly+bear
00214.jpg,cow
00215.jpg,walrus
00216.jpg,hamster
00217.jpg,wolf
00218.jpg,otter
00219.jpg,wolf
00220.jpg,cow
00221.jpg,wolf
00222.jpg,mouse
00223.jpg,hippopotamus
00224.jpg,cow
00225.jpg,wolf
00226.jpg,wolf
00227.jpg,siamese+cat
00228.jpg,weasel
00229.jpg,hamster
00230.jpg,humpback+whale
00231.jpg,walrus
00232.jpg,deer
00233.jpg,humpback+whale
00234.jpg,killer+whale
00235.jpg,zebra
00236.jpg,elephant
00237.jpg,tiger
00238.jpg,persian+cat
00239.jpg,blue+whale
00240.jpg,weasel
00241.jpg,seal
00242.jpg,weasel
00243.jpg,wolf
00244.jpg,wolf
00245.jpg,wolf
00246.jpg,deer
00247.jpg,dalmatian
00248.jpg,dolphin
00249.jpg,raccoon
00250.jpg,horse
00251.jpg,antelope
00252.jpg,horse
00253.jpg,humpback+whale
00254.jpg,wolf
00255.jpg,persian+cat
00256.jpg,moose
00257.jpg,siamese+cat
00258.jpg,german+shepherd
00259.jpg,antelope
00260.jpg,seal
00261.jpg,siamese+cat
00262.jpg,giant+panda
00263.jpg,leopard
00264.jpg,walrus
00265.jpg,dolphin
00266.jpg,wolf
00267.jpg,mole
00268.jpg,cow
00269.jpg,leopard
00270.jpg,hamster
00271.jpg,deer
00272.jpg,cow
00273.jpg,bat
00274.jpg,wolf
00275.jpg,weasel
00276.jpg,polar+bear
00277.jpg,bat
00278.jpg,horse
00279.jpg,rat
00280.jpg,hippopotamus
00281.jpg,wolf
00282.jpg,blue+whale
00283.jpg,german+shepherd
00284.jpg,wolf
00285.jpg,wolf
00286.jpg,mouse
00287.jpg,polar+bear
00288.jpg,zebra
00289.jpg,chihuahua
00290.jpg,hippopotamus
00291.jpg,cow
00292.jpg,wolf
00293.jpg,elephant
00294.jpg,horse
00295.jpg,ox
00296.jpg,horse
00297.jpg,blue+whale
00298.jpg,deer
00299.jpg,antelope
00300.jpg,leopard
00301.jpg,buffalo
00302.jpg,siamese+cat
00303.jpg,wolf
00304.jpg,dalmatian
00305.jpg,hamster
00306.jpg,giant+panda
00307.jpg,pig
00308.jpg,deer
00309.jpg,spider+monkey
00310.jpg,leopard
00311.jpg,skunk
00312.jpg,spider+monkey
00313.jpg,skunk
00314.jpg,deer
00315.jpg,siamese+cat
00316.jpg,moose
00317.jpg,siamese+cat
00318.jpg,elephant
00319.jpg,siamese+cat
00320.jpg,deer
00321.jpg,seal
00322.jpg,siamese+cat
00323.jpg,german+shepherd
00324.jpg,siamese+cat
00325.jpg,wolf
00326.jpg,mouse
00327.jpg,wolf
00328.jpg,otter
00329.jpg,wolf
00330.jpg,otter
00331.jpg,horse
00332.jpg,deer
00333.jpg,zebra
00334.jpg,wolf
00335.jpg,wolf
00336.jpg,cow
00337.jpg,wolf
00338.jpg,moose
00339.jpg,spider+monkey
00340.jpg,deer
00341.jpg,cow
00342.jpg,giant+panda
00343.jpg,elephant
00344.jpg,hippopotamus
00345.jpg,horse
00346.jpg,wolf
00347.jpg,pig
00348.jpg,otter
00349.jpg,rat
00350.jpg,german+shepherd
00351.jpg,persian+cat
00352.jpg,horse
00353.jpg,wolf
00354.jpg,horse
00355.jpg,german+shepherd
00356.jpg,seal
00357.jpg,siamese+cat
00358.jpg,seal
00359.jpg,grizzly+bear
00360.jpg,deer
00361.jpg,elephant
00362.jpg,wolf
00363.jpg,spider+monkey
00364.jpg,bat
00365.jpg,chihuahua
00366.jpg,german+shepherd
00367.jpg,siamese+cat
00368.jpg,siamese+cat
00369.jpg,giant+panda
00370.jpg,siamese+cat
00371.jpg,wolf
00372.jpg,wolf
00373.jpg,hippopotamus
00374.jpg,beaver
00375.jpg,cow
00376.jpg,deer
00377.jpg,leopard
00378.jpg,buffalo
00379.jpg,german+shepherd
00380.jpg,wolf
00381.jpg,siamese+cat
00382.jpg,wolf
00383.jpg,cow
00384.jpg,dolphin
00385.jpg,spider+monkey
00386.jpg,horse
00387.jpg,humpback+whale
00388.jpg,deer
00389.jpg,dolphin
00390.jpg,beaver
00391.jpg,wolf
00392.jpg,deer
00393.jpg,cow
00394.jpg,wolf
00395.jpg,wolf
00396.jpg,pig
00397.jpg,siamese+cat
00398.jpg,zebra
00399.jpg,siamese+cat
00400.jpg,polar+bear
00401.jpg,moose
00402.jpg,skunk
00403.jpg,cow
00404.jpg,buffalo
00405.jpg,grizzly+bear
00406.jpg,wolf
00407.jpg,dalmatian
00408.jpg,leopard
00409.jpg,skunk
00410.jpg,wolf
00411.jpg,zebra
00412.jpg,cow
00413.jpg,siamese+cat
00414.jpg,siamese+cat
00415.jpg,polar+bear
00416.jpg,leopard
00417.jpg,hippopotamus
00418.jpg,tiger
00419.jpg,otter
00420.jpg,wolf
00421.jpg,deer
00422.jpg,german+shepherd
00423.jpg,seal
00424.jpg,wolf
00425.jpg,leopard
00426.jpg,raccoon
00427.jpg,wolf
00428.jpg,wolf
00429.jpg,wolf
00430.jpg,wolf
00431.jpg,spider+monkey
00432.jpg,wolf
00433.jpg,dalmatian
00434.jpg,blue+whale
00435.jpg,raccoon
00436.jpg,wolf
00437.jpg,wolf
00438.jpg,otter
00439.jpg,wolf
00440.jpg,wolf
00441.jpg,weasel
00442.jpg,wolf
00443.jpg,grizzly+bear
00444.jpg,leopard
00445.jpg,wolf
00446.jpg,weasel
00447.jpg,bobcat
00448.jpg,siamese+cat
00449.jpg,siamese+cat
00450.jpg,spider+monkey
00451.jpg,chimpanzee
00452.jpg,siamese+cat
00453.jpg,horse
00454.jpg,lion
00455.jpg,dalmatian
00456.jpg,polar+bear
00457.jpg,grizzly+bear
00458.jpg,wolf
00459.jpg,bat
00460.jpg,german+shepherd
00461.jpg,cow
00462.jpg,cow
00463.jpg,siamese+cat
00464.jpg,lion
00465.jpg,wolf
00466.jpg,horse
00467.jpg,mole
00468.jpg,grizzly+bear
00469.jpg,cow
00470.jpg,wolf
00471.jpg,wolf
00472.jpg,zebra
00473.jpg,buffalo
00474.jpg,blue+whale
00475.jpg,dalmatian
00476.jpg,polar+bear
00477.jpg,siamese+cat
00478.jpg,lion
00479.jpg,chihuahua
00480.jpg,polar+bear
00481.jpg,persian+cat
00482.jpg,polar+bear
00483.jpg,spider+monkey
00484.jpg,cow
00485.jpg,wolf
00486.jpg,german+shepherd
00487.jpg,siamese+cat
00488.jpg,seal
00489.jpg,wolf
00490.jpg,siamese+cat
00491.jpg,mole
00492.jpg,spider+monkey
00493.jpg,wolf
00494.jpg,wolf
00495.jpg,seal
00496.jpg,blue+whale
00497.jpg,humpback+whale
00498.jpg,siamese+cat
00499.jpg,elephant
00500.jpg,wolf
00501.jpg,walrus
00502.jpg,hippopotamus
00503.jpg,wolf
00504.jpg,leopard
00505.jpg,wolf
00506.jpg,hippopotamus
00507.jpg,cow
00508.jpg,mouse
00509.jpg,wolf
00510.jpg,grizzly+bear
00511.jpg,leopard
00512.jpg,leopard
00513.jpg,hippopotamus
00514.jpg,wolf
00515.jpg,zebra
00516.jpg,horse
00517.jpg,cow
00518.jpg,deer
00519.jpg,moose
00520.jpg,dalmatian
00521.jpg,hippopotamus
00522.jpg,blue+whale
00523.jpg,otter
00524.jpg,weasel
00525.jpg,siamese+cat
00526.jpg,wolf
00527.jpg,pig
00528.jpg,leopard
00529.jpg,grizzly+bear
00530.jpg,polar+bear
00531.jpg,skunk
00532.jpg,bat
00533.jpg,deer
00534.jpg,german+shepherd
00535.jpg,horse
00536.jpg,deer
00537.jpg,siamese+cat
00538.jpg,killer+whale
00539.jpg,lion
00540.jpg,weasel
00541.jpg,rat
00542.jpg,bat
00543.jpg,lion
00544.jpg,antelope
00545.jpg,seal
00546.jpg,german+shepherd
00547.jpg,dolphin
00548.jpg,giant+panda
00549.jpg,beaver
00550.jpg,bat
00551.jpg,hamster
00552.jpg,horse
00553.jpg,blue+whale
00554.jpg,otter
00555.jpg,antelope
00556.jpg,otter
00557.jpg,hippopotamus
00558.jpg,otter
00559.jpg,wolf
00560.jpg,wolf
00561.jpg,wolf
00562.jpg,dolphin
00563.jpg,bat
00564.jpg,walrus
00565.jpg,wolf
00566.jpg,weasel
00567.jpg,elephant
00568.jpg,weasel
00569.jpg,spider+monkey
00570.jpg,siamese+cat
00571.jpg,wolf
00572.jpg,grizzly+bear
00573.jpg,wolf
00574.jpg,wolf
00575.jpg,siamese+cat
00576.jpg,wolf
00577.jpg,wolf
00578.jpg,wolf
00579.jpg,horse
00580.jpg,bobcat
00581.jpg,leopard
00582.jpg,hamster
00583.jpg,wolf
00584.jpg,wolf
00585.jpg,wolf
00586.jpg,seal
00587.jpg,killer+whale
00588.jpg,killer+whale
00589.jpg,wolf
00590.jpg,horse
00591.jpg,deer
00592.jpg,zebra
00593.jpg,ox
00594.jpg,wolf
00595.jpg,rat
00596.jpg,beaver
00597.jpg,otter
00598.jpg,horse
00599.jpg,elephant
00600.jpg,elephant
00601.jpg,cow
00602.jpg,otter
00603.jpg,wolf
00604.jpg,leopard
00605.jpg,wolf
00606.jpg,deer
00607.jpg,spider+monkey
00608.jpg,wolf
00609.jpg,leopard
00610.jpg,rat
00611.jpg,buffalo
00612.jpg,buffalo
00613.jpg,lion
00614.jpg,siamese+cat
00615.jpg,otter
00616.jpg,deer
00617.jpg,wolf
00618.jpg,wolf
00619.jpg,deer
00620.jpg,mole
00621.jpg,deer
00622.jpg,spider+monkey
00623.jpg,weasel
00624.jpg,killer+whale
00625.jpg,german+shepherd
00626.jpg,seal
00627.jpg,wolf
00628.jpg,siamese+cat
00629.jpg,giant+panda
00630.jpg,wolf
00631.jpg,horse
00632.jpg,wolf
00633.jpg,wolf
00634.jpg,horse
00635.jpg,bat
00636.jpg,grizzly+bear
00637.jpg,walrus
00638.jpg,polar+bear
00639.jpg,cow
00640.jpg,weasel
00641.jpg,polar+bear
00642.jpg,weasel
00643.jpg,rat
00644.jpg,humpback+whale
00645.jpg,mole
00646.jpg,seal
00647.jpg,siamese+cat
00648.jpg,siamese+cat
00649.jpg,wolf
00650.jpg,seal
00651.jpg,weasel
00652.jpg,wolf
00653.jpg,wolf
00654.jpg,skunk
00655.jpg,elephant
00656.jpg,walrus
00657.jpg,wolf
00658.jpg,german+shepherd
00659.jpg,polar+bear
00660.jpg,tiger
00661.jpg,german+shepherd
00662.jpg,seal
00663.jpg,killer+whale
00664.jpg,hippopotamus
00665.jpg,cow
00666.jpg,german+shepherd
00667.jpg,german+shepherd
00668.jpg,horse
00669.jpg,hippopotamus
00670.jpg,seal
00671.jpg,leopard
00672.jpg,polar+bear
00673.jpg,beaver
00674.jpg,buffalo
00675.jpg,wolf
00676.jpg,weasel
00677.jpg,buffalo
00678.jpg,wolf
00679.jpg,horse
00680.jpg,siamese+cat
00681.jpg,deer
00682.jpg,german+shepherd
00683.jpg,skunk
00684.jpg,wolf
00685.jpg,siamese+cat
00686.jpg,deer
00687.jpg,deer
00688.jpg,dalmatian
00689.jpg,elephant
00690.jpg,wolf
00691.jpg,siamese+cat
00692.jpg,wolf
00693.jpg,giant+panda
00694.jpg,siamese+cat
00695.jpg,cow
00696.jpg,german+shepherd
00697.jpg,wolf
00698.jpg,killer+whale
00699.jpg,horse
00700.jpg,beaver
00701.jpg,zebra
00702.jpg,buffalo
00703.jpg,siamese+cat
00704.jpg,leopard
00705.jpg,wolf
00706.jpg,chihuahua
00707.jpg,horse
00708.jpg,bat
00709.jpg,moose
00710.jpg,deer
00711.jpg,humpback+whale
00712.jpg,wolf
00713.jpg,leopard
00714.jpg,buffalo
00715.jpg,seal
00716.jpg,rat
00717.jpg,killer+whale
00718.jpg,wolf
00719.jpg,skunk
00720.jpg,humpback+whale
00721.jpg,bat
00722.jpg,spider+monkey
00723.jpg,killer+whale
00724.jpg,buffalo
00725.jpg,moose
00726.jpg,weasel
00727.jpg,beaver
00728.jpg,german+shepherd
00729.jpg,giant+panda
00730.jpg,deer
00731.jpg,dalmatian
00732.jpg,wolf
00733.jpg,elephant
00734.jpg,moose
00735.jpg,giant+panda
00736.jpg,cow
00737.jpg,deer
00738.jpg,siamese+cat
00739.jpg,siamese+cat
00740.jpg,blue+whale
00741.jpg,hamster
00742.jpg,zebra
00743.jpg,wolf
00744.jpg,humpback+whale
00745.jpg,killer+whale
00746.jpg,deer
00747.jpg,mole
00748.jpg,spider+monkey
00749.jpg,mouse
00750.jpg,cow
00751.jpg,wolf
00752.jpg,wolf
00753.jpg,buffalo
00754.jpg,siamese+cat
00755.jpg,humpback+whale
00756.jpg,polar+bear
00757.jpg,hamster
00758.jpg,siamese+cat
00759.jpg,beaver
00760.jpg,walrus
00761.jpg,seal
00762.jpg,bat
00763.jpg,blue+whale
00764.jpg,horse
00765.jpg,wolf
00766.jpg,persian+cat
00767.jpg,deer
00768.jpg,wolf
00769.jpg,german+shepherd
00770.jpg,wolf
00771.jpg,polar+bear
00772.jpg,spider+monkey
00773.jpg,siamese+cat
00774.jpg,german+shepherd
00775.jpg,siamese+cat
00776.jpg,wolf
00777.jpg,elephant
00778.jpg,ox
00779.jpg,deer
00780.jpg,rat
00781.jpg,siamese+cat
00782.jpg,german+shepherd
00783.jpg,horse
00784.jpg,german+shepherd
00785.jpg,zebra
00786.jpg,wolf
00787.jpg,wolf
00788.jpg,pig
00789.jpg,deer
00790.jpg,buffalo
00791.jpg,giant+panda
00792.jpg,horse
00793.jpg,weasel
00794.jpg,german+shepherd
00795.jpg,seal
00796.jpg,humpback+whale
00797.jpg,polar+bear
00798.jpg,horse
00799.jpg,moose
00800.jpg,wolf
00801.jpg,leopard
00802.jpg,wolf
00803.jpg,wolf
00804.jpg,buffalo
00805.jpg,weasel
00806.jpg,hippopotamus
00807.jpg,siamese+cat
00808.jpg,giraffe
00809.jpg,spider+monkey
00810.jpg,german+shepherd
00811.jpg,leopard
00812.jpg,dalmatian
00813.jpg,lion
00814.jpg,seal
00815.jpg,wolf
00816.jpg,leopard
00817.jpg,wolf
00818.jpg,otter
00819.jpg,bat
00820.jpg,seal
00821.jpg,siamese+cat
00822.jpg,otter
00823.jpg,wolf
00824.jpg,wolf
00825.jpg,deer
00826.jpg,chihuahua
00827.jpg,polar+bear
00828.jpg,lion
00829.jpg,siamese+cat
00830.jpg,german+shepherd
00831.jpg,skunk
00832.jpg,wolf
00833.jpg,wolf
00834.jpg,polar+bear
00835.jpg,wolf
00836.jpg,siamese+cat
00837.jpg,cow
00838.jpg,siamese+cat
00839.jpg,deer
00840.jpg,cow
00841.jpg,wolf
00842.jpg,wolf
00843.jpg,bat
00844.jpg,leopard
00845.jpg,killer+whale
00846.jpg,buffalo
00847.jpg,mouse
00848.jpg,grizzly+bear
00849.jpg,siamese+cat
00850.jpg,horse
00851.jpg,german+shepherd
00852.jpg,seal
00853.jpg,skunk
00854.jpg,bobcat
00855.jpg,wolf
00856.jpg,beaver
00857.jpg,hippopotamus
00858.jpg,grizzly+bear
00859.jpg,mouse
00860.jpg,otter
00861.jpg,siamese+cat
00862.jpg,cow
00863.jpg,siamese+cat
00864.jpg,rat
00865.jpg,wolf
00866.jpg,humpback+whale
00867.jpg,wolf
00868.jpg,killer+whale
00869.jpg,siamese+cat
00870.jpg,tiger
00871.jpg,humpback+whale
00872.jpg,wolf
00873.jpg,seal
00874.jpg,deer
00875.jpg,hamster
00876.jpg,elephant
00877.jpg,grizzly+bear
00878.jpg,wolf
00879.jpg,deer
00880.jpg,horse
00881.jpg,siamese+cat
00882.jpg,deer
00883.jpg,wolf
00884.jpg,elephant
00885.jpg,giraffe
00886.jpg,siamese+cat
00887.jpg,ox
00888.jpg,grizzly+bear
00889.jpg,dalmatian
00890.jpg,wolf
00891.jpg,wolf
00892.jpg,mole
00893.jpg,bobcat
00894.jpg,rat
00895.jpg,cow
00896.jpg,spider+monkey
00897.jpg,siamese+cat
00898.jpg,giant+panda
00899.jpg,wolf
00900.jpg,polar+bear
00901.jpg,humpback+whale
00902.jpg,blue+whale
00903.jpg,horse
00904.jpg,deer
00905.jpg,german+shepherd
00906.jpg,siamese+cat
00907.jpg,bat
00908.jpg,wolf
00909.jpg,lion
00910.jpg,deer
00911.jpg,chihuahua
00912.jpg,cow
00913.jpg,wolf
00914.jpg,bat
00915.jpg,moose
00916.jpg,wolf
00917.jpg,skunk
00918.jpg,deer
00919.jpg,hippopotamus
00920.jpg,wolf
00921.jpg,bobcat
00922.jpg,bobcat
00923.jpg,cow
00924.jpg,cow
00925.jpg,grizzly+bear
00926.jpg,lion
00927.jpg,leopard
00928.jpg,skunk
00929.jpg,deer
00930.jpg,siamese+cat
00931.jpg,humpback+whale
00932.jpg,giant+panda
00933.jpg,wolf
00934.jpg,cow
00935.jpg,deer
00936.jpg,mole
00937.jpg,cow
00938.jpg,siamese+cat
00939.jpg,german+shepherd
00940.jpg,siamese+cat
00941.jpg,german+shepherd
00942.jpg,seal
00943.jpg,antelope
00944.jpg,walrus
00945.jpg,horse
00946.jpg,horse
00947.jpg,wolf
00948.jpg,walrus
00949.jpg,persian+cat
00950.jpg,wolf
00951.jpg,giant+panda
00952.jpg,wolf
00953.jpg,german+shepherd
00954.jpg,siamese+cat
00955.jpg,walrus
00956.jpg,walrus
00957.jpg,siamese+cat
00958.jpg,siamese+cat
00959.jpg,wolf
00960.jpg,otter
00961.jpg,dolphin
00962.jpg,wolf
00963.jpg,wolf
00964.jpg,leopard
00965.jpg,spider+monkey
00966.jpg,leopard
00967.jpg,wolf
00968.jpg,horse
00969.jpg,spider+monkey
00970.jpg,siamese+cat
00971.jpg,deer
00972.jpg,chihuahua
00973.jpg,german+shepherd
00974.jpg,wolf
00975.jpg,dalmatian
00976.jpg,otter
00977.jpg,deer
00978.jpg,wolf
00979.jpg,wolf
00980.jpg,siamese+cat
00981.jpg,horse
00982.jpg,deer
00983.jpg,deer
00984.jpg,polar+bear
00985.jpg,tiger
00986.jpg,grizzly+bear
00987.jpg,wolf
00988.jpg,weasel
00989.jpg,beaver
00990.jpg,wolf
00991.jpg,chihuahua
00992.jpg,antelope
00993.jpg,pig
00994.jpg,weasel
00995.jpg,horse
00996.jpg,bobcat
00997.jpg,cow
00998.jpg,otter
00999.jpg,rat
01000.jpg,deer
01001.jpg,horse
01002.jpg,spider+monkey
01003.jpg,pig
01004.jpg,mole
01005.jpg,siamese+cat
01006.jpg,dalmatian
01007.jpg,siamese+cat
01008.jpg,polar+bear
01009.jpg,spider+monkey
01010.jpg,weasel
01011.jpg,wolf
01012.jpg,buffalo
01013.jpg,otter
01014.jpg,deer
01015.jpg,bat
01016.jpg,grizzly+bear
01017.jpg,lion
01018.jpg,chihuahua
01019.jpg,deer
01020.jpg,otter
01021.jpg,deer
01022.jpg,german+shepherd
01023.jpg,dalmatian
01024.jpg,walrus
01025.jpg,rat
01026.jpg,deer
01027.jpg,cow
01028.jpg,siamese+cat
01029.jpg,deer
01030.jpg,wolf
01031.jpg,zebra
01032.jpg,wolf
01033.jpg,siamese+cat
01034.jpg,deer
01035.jpg,pig
01036.jpg,horse
01037.jpg,wolf
01038.jpg,wolf
01039.jpg,siamese+cat
01040.jpg,persian+cat
01041.jpg,elephant
01042.jpg,horse
01043.jpg,leopard
01044.jpg,bat
01045.jpg,wolf
01046.jpg,humpback+whale
01047.jpg,zebra
01048.jpg,weasel
01049.jpg,zebra
01050.jpg,skunk
01051.jpg,moose
01052.jpg,tiger
01053.jpg,wolf
01054.jpg,wolf
01055.jpg,mole
01056.jpg,horse
01057.jpg,siamese+cat
01058.jpg,mouse
01059.jpg,wolf
01060.jpg,wolf
01061.jpg,deer
01062.jpg,siamese+cat
01063.jpg,seal
01064.jpg,hippopotamus
01065.jpg,elephant
01066.jpg,polar+bear
01067.jpg,wolf
01068.jpg,wolf
01069.jpg,humpback+whale
01070.jpg,bobcat
01071.jpg,wolf
01072.jpg,weasel
01073.jpg,siamese+cat
01074.jpg,moose
01075.jpg,beaver
01076.jpg,deer
01077.jpg,wolf
01078.jpg,persian+cat
01079.jpg,weasel
01080.jpg,rat
01081.jpg,dalmatian
01082.jpg,otter
01083.jpg,deer
01084.jpg,killer+whale
01085.jpg,deer
01086.jpg,walrus
01087.jpg,otter
01088.jpg,bat
01089.jpg,weasel
01090.jpg,horse
01091.jpg,chihuahua
01092.jpg,wolf
01093.jpg,giant+panda
01094.jpg,otter
01095.jpg,horse
01096.jpg,wolf
01097.jpg,elephant
01098.jpg,moose
01099.jpg,otter
01100.jpg,zebra
01101.jpg,elephant
01102.jpg,spider+monkey
01103.jpg,cow
01104.jpg,polar+bear
01105.jpg,spider+monkey
01106.jpg,deer
01107.jpg,siamese+cat
01108.jpg,persian+cat
01109.jpg,seal
01110.jpg,wolf
01111.jpg,horse
01112.jpg,deer
01113.jpg,leopard
01114.jpg,dalmatian
01115.jpg,otter
01116.jpg,wolf
01117.jpg,pig
01118.jpg,siamese+cat
01119.jpg,horse
01120.jpg,otter
01121.jpg,leopard
01122.jpg,mole
01123.jpg,wolf
01124.jpg,wolf
01125.jpg,beaver
01126.jpg,beaver
01127.jpg,german+shepherd
01128.jpg,deer
01129.jpg,humpback+whale
01130.jpg,otter
01131.jpg,dalmatian
01132.jpg,seal
01133.jpg,wolf
01134.jpg,humpback+whale
01135.jpg,siamese+cat
01136.jpg,giant+panda
01137.jpg,spider+monkey
01138.jpg,deer
01139.jpg,wolf
01140.jpg,persian+cat
01141.jpg,dalmatian
01142.jpg,zebra
01143.jpg,deer
01144.jpg,wolf
01145.jpg,otter
01146.jpg,mole
01147.jpg,siamese+cat
01148.jpg,deer
01149.jpg,deer
01150.jpg,cow
01151.jpg,lion
01152.jpg,wolf
01153.jpg,dalmatian
01154.jpg,siamese+cat
01155.jpg,german+shepherd
01156.jpg,leopard
01157.jpg,killer+whale
01158.jpg,chihuahua
01159.jpg,horse
01160.jpg,moose
01161.jpg,siamese+cat
01162.jpg,cow
01163.jpg,spider+monkey
01164.jpg,siamese+cat
01165.jpg,wolf
01166.jpg,cow
01167.jpg,wolf
01168.jpg,humpback+whale
01169.jpg,killer+whale
01170.jpg,cow
01171.jpg,deer
01172.jpg,tiger
01173.jpg,hippopotamus
01174.jpg,siamese+cat
01175.jpg,wolf
01176.jpg,spider+monkey
01177.jpg,cow
01178.jpg,wolf
01179.jpg,dalmatian
01180.jpg,moose
01181.jpg,cow
01182.jpg,mouse
01183.jpg,wolf
01184.jpg,otter
01185.jpg,wolf
01186.jpg,wolf
01187.jpg,weasel
01188.jpg,lion
01189.jpg,siamese+cat
01190.jpg,hamster
01191.jpg,wolf
01192.jpg,killer+whale
01193.jpg,humpback+whale
01194.jpg,skunk
01195.jpg,otter
01196.jpg,otter
01197.jpg,antelope
01198.jpg,dalmatian
01199.jpg,mole
01200.jpg,giant+panda
01201.jpg,giant+panda
01202.jpg,buffalo
01203.jpg,elephant
01204.jpg,deer
01205.jpg,leopard
01206.jpg,mole
01207.jpg,deer
01208.jpg,horse
01209.jpg,wolf
01210.jpg,polar+bear
01211.jpg,bat
01212.jpg,chihuahua
01213.jpg,weasel
01214.jpg,elephant
01215.jpg,wolf
01216.jpg,wolf
01217.jpg,dolphin
01218.jpg,bat
01219.jpg,giraffe
01220.jpg,wolf
01221.jpg,mouse
01222.jpg,raccoon
01223.jpg,giant+panda
01224.jpg,horse
01225.jpg,buffalo
01226.jpg,weasel
01227.jpg,wolf
01228.jpg,wolf
01229.jpg,beaver
01230.jpg,wolf
01231.jpg,wolf
01232.jpg,elephant
01233.jpg,spider+monkey
01234.jpg,dalmatian
01235.jpg,wolf
01236.jpg,polar+bear
01237.jpg,skunk
01238.jpg,german+shepherd
01239.jpg,mole
01240.jpg,deer
01241.jpg,otter
01242.jpg,weasel
01243.jpg,chihuahua
01244.jpg,spider+monkey
01245.jpg,siamese+cat
01246.jpg,deer
01247.jpg,wolf
01248.jpg,wolf
01249.jpg,deer
01250.jpg,horse
01251.jpg,dalmatian
01252.jpg,polar+bear
01253.jpg,weasel
01254.jpg,grizzly+bear
01255.jpg,lion
01256.jpg,wolf
01257.jpg,spider+monkey
01258.jpg,weasel
01259.jpg,grizzly+bear
01260.jpg,killer+whale
01261.jpg,grizzly+bear
01262.jpg,mole
01263.jpg,deer
01264.jpg,wolf
01265.jpg,raccoon
01266.jpg,walrus
01267.jpg,wolf
01268.jpg,wolf
01269.jpg,deer
01270.jpg,wolf
01271.jpg,giant+panda
01272.jpg,wolf
01273.jpg,siamese+cat
01274.jpg,humpback+whale
01275.jpg,wolf
01276.jpg,wolf
01277.jpg,beaver
01278.jpg,killer+whale
01279.jpg,horse
01280.jpg,humpback+whale
01281.jpg,bobcat
01282.jpg,dolphin
01283.jpg,otter
01284.jpg,siamese+cat
01285.jpg,cow
01286.jpg,wolf
01287.jpg,wolf
01288.jpg,siamese+cat
01289.jpg,wolf
01290.jpg,siamese+cat
01291.jpg,otter
01292.jpg,german+shepherd
01293.jpg,wolf
01294.jpg,skunk
01295.jpg,deer
01296.jpg,deer
01297.jpg,humpback+whale
01298.jpg,deer
01299.jpg,deer
01300.jpg,wolf
01301.jpg,bat
01302.jpg,wolf
01303.jpg,deer
01304.jpg,elephant
01305.jpg,antelope
01306.jpg,cow
01307.jpg,hippopotamus
01308.jpg,bat
01309.jpg,rat
01310.jpg,wolf
01311.jpg,leopard
01312.jpg,seal
01313.jpg,wolf
01314.jpg,moose
01315.jpg,horse
01316.jpg,deer
01317.jpg,wolf
01318.jpg,dalmatian
01319.jpg,siamese+cat
01320.jpg,siamese+cat
01321.jpg,giant+panda
01322.jpg,buffalo
01323.jpg,walrus
01324.jpg,wolf
01325.jpg,horse
01326.jpg,skunk
01327.jpg,tiger
01328.jpg,wolf
01329.jpg,bat
01330.jpg,polar+bear
01331.jpg,moose
01332.jpg,polar+bear
01333.jpg,cow
01334.jpg,spider+monkey
01335.jpg,horse
01336.jpg,wolf
01337.jpg,dalmatian
01338.jpg,weasel
01339.jpg,weasel
01340.jpg,cow
01341.jpg,skunk
01342.jpg,raccoon
01343.jpg,weasel
01344.jpg,siamese+cat
01345.jpg,mole
01346.jpg,german+shepherd
01347.jpg,elephant
01348.jpg,dolphin
01349.jpg,mouse
01350.jpg,wolf
01351.jpg,weasel
01352.jpg,antelope
01353.jpg,wolf
01354.jpg,bat
01355.jpg,mouse
01356.jpg,giant+panda
01357.jpg,cow
01358.jpg,cow
01359.jpg,leopard
01360.jpg,german+shepherd
01361.jpg,wolf
01362.jpg,deer
01363.jpg,mouse
01364.jpg,deer
01365.jpg,humpback+whale
01366.jpg,cow
01367.jpg,weasel
01368.jpg,horse
01369.jpg,bobcat
01370.jpg,cow
01371.jpg,horse
01372.jpg,raccoon
01373.jpg,spider+monkey
01374.jpg,horse
01375.jpg,dolphin
01376.jpg,dalmatian
01377.jpg,wolf
01378.jpg,polar+bear
01379.jpg,horse
01380.jpg,giant+panda
01381.jpg,siamese+cat
01382.jpg,deer
01383.jpg,wolf
01384.jpg,german+shepherd
01385.jpg,bat
01386.jpg,spider+monkey
01387.jpg,german+shepherd
01388.jpg,wolf
01389.jpg,horse
01390.jpg,chihuahua
01391.jpg,siamese+cat
01392.jpg,deer
01393.jpg,giant+panda
01394.jpg,raccoon
01395.jpg,spider+monkey
01396.jpg,giant+panda
01397.jpg,rat
01398.jpg,wolf
01399.jpg,seal
01400.jpg,deer
01401.jpg,cow
01402.jpg,leopard
01403.jpg,otter
01404.jpg,siamese+cat
01405.jpg,bat
01406.jpg,german+shepherd
01407.jpg,wolf
01408.jpg,pig
01409.jpg,humpback+whale
01410.jpg,cow
01411.jpg,blue+whale
01412.jpg,beaver
01413.jpg,skunk
01414.jpg,elephant
01415.jpg,skunk
01416.jpg,deer
01417.jpg,wolf
01418.jpg,weasel
01419.jpg,cow
01420.jpg,deer
01421.jpg,zebra
01422.jpg,cow
01423.jpg,deer
01424.jpg,tiger
01425.jpg,german+shepherd
01426.jpg,skunk
01427.jpg,siamese+cat
01428.jpg,leopard
01429.jpg,ox
01430.jpg,siamese+cat
01431.jpg,leopard
01432.jpg,weasel
01433.jpg,wolf
01434.jpg,deer
01435.jpg,wolf
01436.jpg,killer+whale
01437.jpg,wolf
01438.jpg,persian+cat
01439.jpg,skunk
01440.jpg,rat
01441.jpg,wolf
01442.jpg,rat
01443.jpg,wolf
01444.jpg,wolf
01445.jpg,chihuahua
01446.jpg,pig
01447.jpg,deer
01448.jpg,wolf
01449.jpg,wolf
01450.jpg,siamese+cat
01451.jpg,siamese+cat
01452.jpg,horse
01453.jpg,deer
01454.jpg,horse
01455.jpg,siamese+cat
01456.jpg,horse
01457.jpg,buffalo
01458.jpg,antelope
01459.jpg,wolf
01460.jpg,mole
01461.jpg,walrus
01462.jpg,horse
01463.jpg,deer
01464.jpg,buffalo
01465.jpg,elephant
01466.jpg,deer
01467.jpg,giant+panda
01468.jpg,horse
01469.jpg,mole
01470.jpg,horse
01471.jpg,leopard
01472.jpg,german+shepherd
01473.jpg,otter
01474.jpg,horse
01475.jpg,horse
01476.jpg,weasel
01477.jpg,bat
01478.jpg,wolf
01479.jpg,cow
01480.jpg,spider+monkey
01481.jpg,wolf
01482.jpg,humpback+whale
01483.jpg,horse
01484.jpg,wolf
01485.jpg,seal
01486.jpg,dalmatian
01487.jpg,giraffe
01488.jpg,humpback+whale
01489.jpg,wolf
01490.jpg,seal
01491.jpg,horse
01492.jpg,german+shepherd
01493.jpg,weasel
01494.jpg,beaver
01495.jpg,horse
01496.jpg,wolf
01497.jpg,wolf
01498.jpg,wolf
01499.jpg,wolf
01500.jpg,otter
01501.jpg,leopard
01502.jpg,german+shepherd
01503.jpg,german+shepherd
01504.jpg,deer
01505.jpg,horse
01506.jpg,siamese+cat
01507.jpg,siamese+cat
01508.jpg,wolf
01509.jpg,wolf
01510.jpg,humpback+whale
01511.jpg,siamese+cat
01512.jpg,weasel
01513.jpg,dalmatian
01514.jpg,deer
01515.jpg,tiger
01516.jpg,weasel
01517.jpg,beaver
01518.jpg,skunk
01519.jpg,wolf
01520.jpg,tiger
01521.jpg,killer+whale
01522.jpg,moose
01523.jpg,weasel
01524.jpg,killer+whale
01525.jpg,seal
01526.jpg,raccoon
01527.jpg,chihuahua
01528.jpg,wolf
01529.jpg,killer+whale
01530.jpg,otter
01531.jpg,dalmatian
01532.jpg,zebra
01533.jpg,cow
01534.jpg,seal
01535.jpg,spider+monkey
01536.jpg,deer
01537.jpg,spider+monkey
01538.jpg,wolf
01539.jpg,spider+monkey
01540.jpg,wolf
01541.jpg,seal
01542.jpg,pig
01543.jpg,german+shepherd
01544.jpg,wolf
01545.jpg,wolf
01546.jpg,humpback+whale
01547.jpg,wolf
01548.jpg,weasel
01549.jpg,mouse
01550.jpg,grizzly+bear
01551.jpg,siamese+cat
01552.jpg,wolf
01553.jpg,elephant
01554.jpg,horse
01555.jpg,leopard
01556.jpg,polar+bear
01557.jpg,chihuahua
01558.jpg,horse
01559.jpg,wolf
01560.jpg,otter
01561.jpg,deer
01562.jpg,giant+panda
01563.jpg,humpback+whale
01564.jpg,cow
01565.jpg,pig
01566.jpg,tiger
01567.jpg,cow
01568.jpg,deer
01569.jpg,wolf
01570.jpg,seal
01571.jpg,horse
01572.jpg,skunk
01573.jpg,deer
01574.jpg,siamese+cat
01575.jpg,cow
01576.jpg,leopard
01577.jpg,grizzly+bear
01578.jpg,dolphin
01579.jpg,leopard
01580.jpg,cow
01581.jpg,beaver
01582.jpg,wolf
01583.jpg,elephant
01584.jpg,leopard
01585.jpg,wolf
01586.jpg,mouse
01587.jpg,mole
01588.jpg,seal
01589.jpg,cow
01590.jpg,walrus
01591.jpg,zebra
01592.jpg,horse
01593.jpg,weasel
01594.jpg,seal
01595.jpg,wolf
01596.jpg,bobcat
01597.jpg,wolf
01598.jpg,spider+monkey
01599.jpg,wolf
01600.jpg,horse
01601.jpg,pig
01602.jpg,humpback+whale
01603.jpg,wolf
01604.jpg,wolf
01605.jpg,seal
01606.jpg,wolf
01607.jpg,wolf
01608.jpg,cow
01609.jpg,spider+monkey
01610.jpg,deer
01611.jpg,mole
01612.jpg,siamese+cat
01613.jpg,chihuahua
01614.jpg,dalmatian
01615.jpg,beaver
01616.jpg,hippopotamus
01617.jpg,wolf
01618.jpg,deer
01619.jpg,chihuahua
01620.jpg,cow
01621.jpg,killer+whale
01622.jpg,wolf
01623.jpg,cow
01624.jpg,cow
01625.jpg,wolf
01626.jpg,killer+whale
01627.jpg,killer+whale
01628.jpg,elephant
01629.jpg,wolf
01630.jpg,dolphin
01631.jpg,moose
01632.jpg,elephant
01633.jpg,dalmatian
01634.jpg,dalmatian
01635.jpg,horse
01636.jpg,horse
01637.jpg,wolf
01638.jpg,weasel
01639.jpg,wolf
01640.jpg,wolf
01641.jpg,cow
01642.jpg,wolf
01643.jpg,siamese+cat
01644.jpg,wolf
01645.jpg,mole
01646.jpg,horse
01647.jpg,siamese+cat
01648.jpg,siamese+cat
01649.jpg,cow
01650.jpg,chihuahua
01651.jpg,siamese+cat
01652.jpg,bobcat
01653.jpg,grizzly+bear
01654.jpg,killer+whale
01655.jpg,buffalo
01656.jpg,siamese+cat
01657.jpg,blue+whale
01658.jpg,chihuahua
01659.jpg,german+shepherd
01660.jpg,weasel
01661.jpg,cow
01662.jpg,siamese+cat
01663.jpg,buffalo
01664.jpg,buffalo
01665.jpg,bat
01666.jpg,persian+cat
01667.jpg,siamese+cat
01668.jpg,hamster
01669.jpg,weasel
01670.jpg,wolf
01671.jpg,mouse
01672.jpg,horse
01673.jpg,wolf
01674.jpg,rat
01675.jpg,wolf
01676.jpg,siamese+cat
01677.jpg,dalmatian
01678.jpg,wolf
01679.jpg,wolf
01680.jpg,hippopotamus
01681.jpg,giant+panda
01682.jpg,deer
01683.jpg,wolf
01684.jpg,horse
01685.jpg,siamese+cat
01686.jpg,seal
01687.jpg,siamese+cat
01688.jpg,zebra
01689.jpg,wolf
01690.jpg,horse
01691.jpg,dalmatian
01692.jpg,moose
01693.jpg,rat
01694.jpg,deer
01695.jpg,beaver
01696.jpg,humpback+whale
01697.jpg,wolf
01698.jpg,wolf
01699.jpg,weasel
01700.jpg,seal
01701.jpg,humpback+whale
01702.jpg,bat
01703.jpg,wolf
01704.jpg,leopard
01705.jpg,german+shepherd
01706.jpg,leopard
01707.jpg,humpback+whale
01708.jpg,wolf
01709.jpg,wolf
01710.jpg,skunk
01711.jpg,buffalo
01712.jpg,skunk
01713.jpg,wolf
01714.jpg,seal
01715.jpg,blue+whale
01716.jpg,wolf
01717.jpg,wolf
01718.jpg,raccoon
01719.jpg,horse
01720.jpg,chihuahua
01721.jpg,mole
01722.jpg,wolf
01723.jpg,horse
01724.jpg,wolf
01725.jpg,wolf
01726.jpg,elephant
01727.jpg,seal
01728.jpg,mole
01729.jpg,siamese+cat
01730.jpg,wolf
01731.jpg,pig
01732.jpg,bobcat
01733.jpg,siamese+cat
01734.jpg,zebra
01735.jpg,leopard
01736.jpg,wolf
01737.jpg,horse
01738.jpg,deer
01739.jpg,deer
01740.jpg,siamese+cat
01741.jpg,giant+panda
01742.jpg,spider+monkey
01743.jpg,grizzly+bear
01744.jpg,leopard
01745.jpg,cow
01746.jpg,chihuahua
01747.jpg,wolf
01748.jpg,wolf
01749.jpg,giant+panda
01750.jpg,humpback+whale
01751.jpg,deer
01752.jpg,wolf
01753.jpg,siamese+cat
01754.jpg,wolf
01755.jpg,rat
01756.jpg,cow
01757.jpg,cow
01758.jpg,dolphin
01759.jpg,elephant
01760.jpg,antelope
01761.jpg,zebra
01762.jpg,elephant
01763.jpg,moose
01764.jpg,skunk
01765.jpg,walrus
01766.jpg,deer
01767.jpg,ox
01768.jpg,deer
01769.jpg,giant+panda
01770.jpg,pig
01771.jpg,hippopotamus
01772.jpg,german+shepherd
01773.jpg,zebra
01774.jpg,chihuahua
01775.jpg,dalmatian
01776.jpg,spider+monkey
01777.jpg,antelope
01778.jpg,polar+bear
01779.jpg,grizzly+bear
01780.jpg,giraffe
01781.jpg,beaver
01782.jpg,wolf
01783.jpg,mole
01784.jpg,beaver
01785.jpg,blue+whale
01786.jpg,wolf
01787.jpg,siamese+cat
01788.jpg,antelope
01789.jpg,german+shepherd
01790.jpg,cow
01791.jpg,siamese+cat
01792.jpg,dalmatian
01793.jpg,siamese+cat
01794.jpg,pig
01795.jpg,elephant
01796.jpg,siamese+cat
01797.jpg,polar+bear
01798.jpg,otter
01799.jpg,elephant
01800.jpg,wolf
01801.jpg,leopard
01802.jpg,antelope
01803.jpg,zebra
01804.jpg,wolf
01805.jpg,wolf
01806.jpg,zebra
01807.jpg,wolf
01808.jpg,wolf
01809.jpg,wolf
01810.jpg,horse
01811.jpg,polar+bear
01812.jpg,seal
01813.jpg,otter
01814.jpg,humpback+whale
01815.jpg,skunk
01816.jpg,deer
01817.jpg,wolf
01818.jpg,bat
01819.jpg,wolf
01820.jpg,bobcat
01821.jpg,skunk
01822.jpg,otter
01823.jpg,leopard
01824.jpg,antelope
01825.jpg,blue+whale
01826.jpg,dalmatian
01827.jpg,horse
01828.jpg,deer
01829.jpg,elephant
01830.jpg,deer
01831.jpg,wolf
01832.jpg,wolf
01833.jpg,dolphin
01834.jpg,blue+whale
01835.jpg,mouse
01836.jpg,wolf
01837.jpg,deer
01838.jpg,cow
01839.jpg,siamese+cat
01840.jpg,deer
01841.jpg,wolf
01842.jpg,deer
01843.jpg,spider+monkey
01844.jpg,siamese+cat
01845.jpg,grizzly+bear
01846.jpg,wolf
01847.jpg,wolf
01848.jpg,mouse
01849.jpg,blue+whale
01850.jpg,wolf
01851.jpg,horse
01852.jpg,polar+bear
01853.jpg,buffalo
01854.jpg,horse
01855.jpg,elephant
01856.jpg,grizzly+bear
01857.jpg,german+shepherd
01858.jpg,wolf
01859.jpg,wolf
01860.jpg,spider+monkey
01861.jpg,humpback+whale
01862.jpg,killer+whale
01863.jpg,humpback+whale
01864.jpg,siamese+cat
01865.jpg,wolf
01866.jpg,cow
01867.jpg,spider+monkey
01868.jpg,bobcat
01869.jpg,german+shepherd
01870.jpg,wolf
01871.jpg,mole
01872.jpg,moose
01873.jpg,deer
01874.jpg,horse
01875.jpg,hamster
01876.jpg,wolf
01877.jpg,siamese+cat
01878.jpg,cow
01879.jpg,rat
01880.jpg,blue+whale
01881.jpg,dalmatian
01882.jpg,mouse
01883.jpg,weasel
01884.jpg,giraffe
01885.jpg,seal
01886.jpg,german+shepherd
01887.jpg,wolf
01888.jpg,wolf
01889.jpg,dalmatian
01890.jpg,deer
01891.jpg,spider+monkey
01892.jpg,deer
01893.jpg,wolf
01894.jpg,siamese+cat
01895.jpg,siamese+cat
01896.jpg,siamese+cat
01897.jpg,ox
01898.jpg,deer
01899.jpg,horse
01900.jpg,elephant
01901.jpg,otter
01902.jpg,cow
01903.jpg,giraffe
01904.jpg,killer+whale
01905.jpg,weasel
01906.jpg,wolf
01907.jpg,wolf
01908.jpg,spider+monkey
01909.jpg,wolf
01910.jpg,walrus
01911.jpg,polar+bear
01912.jpg,blue+whale
01913.jpg,leopard
01914.jpg,buffalo
01915.jpg,buffalo
01916.jpg,hippopotamus
01917.jpg,beaver
01918.jpg,horse
01919.jpg,tiger
01920.jpg,wolf
01921.jpg,raccoon
01922.jpg,wolf
01923.jpg,deer
01924.jpg,horse
01925.jpg,weasel
01926.jpg,bat
01927.jpg,cow
01928.jpg,giant+panda
01929.jpg,raccoon
01930.jpg,beaver
01931.jpg,dalmatian
01932.jpg,siamese+cat
01933.jpg,cow
01934.jpg,wolf
01935.jpg,buffalo
01936.jpg,blue+whale
01937.jpg,grizzly+bear
01938.jpg,wolf
01939.jpg,bat
01940.jpg,grizzly+bear
01941.jpg,killer+whale
01942.jpg,persian+cat
01943.jpg,hippopotamus
01944.jpg,spider+monkey
01945.jpg,deer
01946.jpg,cow
01947.jpg,wolf
01948.jpg,grizzly+bear
01949.jpg,otter
01950.jpg,german+shepherd
01951.jpg,buffalo
01952.jpg,killer+whale
01953.jpg,otter
01954.jpg,spider+monkey
01955.jpg,humpback+whale
01956.jpg,cow
01957.jpg,wolf
01958.jpg,leopard
01959.jpg,weasel
01960.jpg,wolf
01961.jpg,elephant
01962.jpg,wolf
01963.jpg,wolf
01964.jpg,skunk
01965.jpg,wolf
01966.jpg,siamese+cat
01967.jpg,wolf
01968.jpg,weasel
01969.jpg,siamese+cat
01970.jpg,humpback+whale
01971.jpg,wolf
01972.jpg,siamese+cat
01973.jpg,wolf
01974.jpg,moose
01975.jpg,otter
01976.jpg,wolf
01977.jpg,rat
01978.jpg,mole
01979.jpg,german+shepherd
01980.jpg,rat
01981.jpg,siamese+cat
01982.jpg,deer
01983.jpg,wolf
01984.jpg,weasel
01985.jpg,wolf
01986.jpg,seal
01987.jpg,horse
01988.jpg,wolf
01989.jpg,buffalo
01990.jpg,bobcat
01991.jpg,deer
01992.jpg,seal
01993.jpg,deer
01994.jpg,deer
01995.jpg,siamese+cat
01996.jpg,siamese+cat
01997.jpg,giant+panda
01998.jpg,wolf
01999.jpg,dolphin
02000.jpg,siamese+cat
02001.jpg,humpback+whale
02002.jpg,zebra
02003.jpg,tiger
02004.jpg,wolf
02005.jpg,siamese+cat
02006.jpg,dalmatian
02007.jpg,horse
02008.jpg,pig
02009.jpg,mole
02010.jpg,siamese+cat
02011.jpg,siamese+cat
02012.jpg,seal
02013.jpg,wolf
02014.jpg,cow
02015.jpg,beaver
02016.jpg,siamese+cat
02017.jpg,wolf
02018.jpg,deer
02019.jpg,killer+whale
02020.jpg,buffalo
02021.jpg,wolf
02022.jpg,cow
02023.jpg,polar+bear
02024.jpg,horse
02025.jpg,giant+panda
02026.jpg,wolf
02027.jpg,wolf
02028.jpg,tiger
02029.jpg,grizzly+bear
02030.jpg,persian+cat
02031.jpg,german+shepherd
02032.jpg,wolf
02033.jpg,horse
02034.jpg,buffalo
02035.jpg,siamese+cat
02036.jpg,humpback+whale
02037.jpg,dolphin
02038.jpg,wolf
02039.jpg,blue+whale
02040.jpg,siamese+cat
02041.jpg,german+shepherd
02042.jpg,siamese+cat
02043.jpg,siamese+cat
02044.jpg,wolf
02045.jpg,killer+whale
02046.jpg,wolf
02047.jpg,grizzly+bear
02048.jpg,blue+whale
02049.jpg,siamese+cat
02050.jpg,giant+panda
02051.jpg,wolf
02052.jpg,wolf
02053.jpg,deer
02054.jpg,deer
02055.jpg,bat
02056.jpg,polar+bear
02057.jpg,elephant
02058.jpg,wolf
02059.jpg,horse
02060.jpg,wolf
02061.jpg,wolf
02062.jpg,chihuahua
02063.jpg,hamster
02064.jpg,cow
02065.jpg,hamster
02066.jpg,elephant
02067.jpg,wolf
02068.jpg,deer
02069.jpg,wolf
02070.jpg,siamese+cat
02071.jpg,seal
02072.jpg,lion
02073.jpg,humpback+whale
02074.jpg,elephant
02075.jpg,mole
02076.jpg,bobcat
02077.jpg,beaver
02078.jpg,wolf
02079.jpg,pig
02080.jpg,deer
02081.jpg,raccoon
02082.jpg,raccoon
02083.jpg,wolf
02084.jpg,wolf
02085.jpg,walrus
02086.jpg,skunk
02087.jpg,weasel
02088.jpg,humpback+whale
02089.jpg,wolf
02090.jpg,wolf
02091.jpg,wolf
02092.jpg,wolf
02093.jpg,polar+bear
02094.jpg,rat
02095.jpg,hippopotamus
02096.jpg,spider+monkey
02097.jpg,siamese+cat
02098.jpg,killer+whale
02099.jpg,leopard
02100.jpg,chihuahua
02101.jpg,zebra
02102.jpg,grizzly+bear
02103.jpg,elephant
02104.jpg,polar+bear
02105.jpg,moose
02106.jpg,cow
02107.jpg,horse
02108.jpg,wolf
02109.jpg,siamese+cat
02110.jpg,moose
02111.jpg,polar+bear
02112.jpg,bobcat
02113.jpg,wolf
02114.jpg,wolf
02115.jpg,humpback+whale
02116.jpg,blue+whale
02117.jpg,spider+monkey
02118.jpg,beaver
02119.jpg,bat
02120.jpg,siamese+cat
02121.jpg,cow
02122.jpg,mouse
02123.jpg,humpback+whale
02124.jpg,wolf
02125.jpg,seal
02126.jpg,polar+bear
02127.jpg,wolf
02128.jpg,elephant
02129.jpg,wolf
02130.jpg,siamese+cat
02131.jpg,polar+bear
02132.jpg,deer
02133.jpg,otter
02134.jpg,cow
02135.jpg,bobcat
02136.jpg,antelope
02137.jpg,german+shepherd
02138.jpg,polar+bear
02139.jpg,walrus
02140.jpg,siamese+cat
02141.jpg,skunk
02142.jpg,zebra
02143.jpg,siamese+cat
02144.jpg,elephant
02145.jpg,leopard
02146.jpg,rat
02147.jpg,rat
02148.jpg,cow
02149.jpg,beaver
02150.jpg,deer
02151.jpg,leopard
02152.jpg,blue+whale
02153.jpg,weasel
02154.jpg,deer
02155.jpg,otter
02156.jpg,wolf
02157.jpg,elephant
02158.jpg,hippopotamus
02159.jpg,tiger
02160.jpg,wolf
02161.jpg,wolf
02162.jpg,skunk
02163.jpg,deer
02164.jpg,grizzly+bear
02165.jpg,wolf
02166.jpg,weasel
02167.jpg,beaver
02168.jpg,zebra
02169.jpg,wolf
02170.jpg,buffalo
02171.jpg,elephant
02172.jpg,horse
02173.jpg,cow
02174.jpg,skunk
02175.jpg,wolf
02176.jpg,wolf
02177.jpg,weasel
02178.jpg,humpback+whale
02179.jpg,mouse
02180.jpg,wolf
02181.jpg,weasel
02182.jpg,wolf
02183.jpg,deer
02184.jpg,wolf
02185.jpg,wolf
02186.jpg,wolf
02187.jpg,ox
02188.jpg,humpback+whale
02189.jpg,seal
02190.jpg,walrus
02191.jpg,skunk
02192.jpg,grizzly+bear
02193.jpg,otter
02194.jpg,siamese+cat
02195.jpg,horse
02196.jpg,leopard
02197.jpg,horse
02198.jpg,seal
02199.jpg,buffalo
02200.jpg,wolf
02201.jpg,wolf
02202.jpg,skunk
02203.jpg,wolf
02204.jpg,buffalo
02205.jpg,german+shepherd
02206.jpg,wolf
02207.jpg,skunk
02208.jpg,wolf
02209.jpg,zebra
02210.jpg,otter
02211.jpg,weasel
02212.jpg,mouse
02213.jpg,deer
02214.jpg,dalmatian
02215.jpg,wolf
02216.jpg,mouse
02217.jpg,siamese+cat
02218.jpg,persian+cat
02219.jpg,rat
02220.jpg,buffalo
02221.jpg,siamese+cat
02222.jpg,cow
02223.jpg,giant+panda
02224.jpg,skunk
02225.jpg,bat
02226.jpg,deer
02227.jpg,elephant
02228.jpg,weasel
02229.jpg,lion
02230.jpg,deer
02231.jpg,persian+cat
02232.jpg,weasel
02233.jpg,mole
02234.jpg,otter
02235.jpg,moose
02236.jpg,wolf
02237.jpg,wolf
02238.jpg,siamese+cat
02239.jpg,deer
02240.jpg,humpback+whale
02241.jpg,leopard
02242.jpg,deer
02243.jpg,wolf
02244.jpg,skunk
02245.jpg,lion
02246.jpg,blue+whale
02247.jpg,giraffe
02248.jpg,horse
02249.jpg,deer
02250.jpg,horse
02251.jpg,blue+whale
02252.jpg,german+shepherd
02253.jpg,giant+panda
02254.jpg,otter
02255.jpg,humpback+whale
02256.jpg,humpback+whale
02257.jpg,zebra
02258.jpg,mouse
02259.jpg,moose
02260.jpg,wolf
02261.jpg,seal
02262.jpg,wolf
02263.jpg,seal
02264.jpg,siamese+cat
02265.jpg,pig
02266.jpg,siamese+cat
02267.jpg,persian+cat
02268.jpg,giraffe
02269.jpg,horse
02270.jpg,otter
02271.jpg,chihuahua
02272.jpg,wolf
02273.jpg,bobcat
02274.jpg,blue+whale
02275.jpg,spider+monkey
02276.jpg,seal
02277.jpg,wolf
02278.jpg,wolf
02279.jpg,persian+cat
02280.jpg,wolf
02281.jpg,buffalo
02282.jpg,dalmatian
02283.jpg,wolf
02284.jpg,wolf
02285.jpg,raccoon
02286.jpg,siamese+cat
02287.jpg,wolf
02288.jpg,cow
02289.jpg,bobcat
02290.jpg,giant+panda
02291.jpg,hamster
02292.jpg,siamese+cat
02293.jpg,weasel
02294.jpg,giant+panda
02295.jpg,humpback+whale
02296.jpg,german+shepherd
02297.jpg,otter
02298.jpg,wolf
02299.jpg,german+shepherd
02300.jpg,wolf
02301.jpg,wolf
02302.jpg,bobcat
02303.jpg,polar+bear
02304.jpg,wolf
02305.jpg,grizzly+bear
02306.jpg,killer+whale
02307.jpg,weasel
02308.jpg,siamese+cat
02309.jpg,grizzly+bear
02310.jpg,humpback+whale
02311.jpg,zebra
02312.jpg,walrus
02313.jpg,antelope
02314.jpg,deer
02315.jpg,wolf
02316.jpg,dalmatian
02317.jpg,wolf
02318.jpg,deer
02319.jpg,wolf
02320.jpg,wolf
02321.jpg,hippopotamus
02322.jpg,seal
02323.jpg,german+shepherd
02324.jpg,german+shepherd
02325.jpg,polar+bear
02326.jpg,cow
02327.jpg,bat
02328.jpg,wolf
02329.jpg,siamese+cat
02330.jpg,polar+bear
02331.jpg,hippopotamus
02332.jpg,wolf
02333.jpg,horse
02334.jpg,polar+bear
02335.jpg,wolf
02336.jpg,leopard
02337.jpg,cow
02338.jpg,dalmatian
02339.jpg,beaver
02340.jpg,dalmatian
02341.jpg,seal
02342.jpg,horse
02343.jpg,polar+bear
02344.jpg,antelope
02345.jpg,seal
02346.jpg,siamese+cat
02347.jpg,siamese+cat
02348.jpg,seal
02349.jpg,weasel
02350.jpg,killer+whale
02351.jpg,killer+whale
02352.jpg,wolf
02353.jpg,deer
02354.jpg,weasel
02355.jpg,polar+bear
02356.jpg,german+shepherd
02357.jpg,wolf
02358.jpg,walrus
02359.jpg,dalmatian
02360.jpg,dalmatian
02361.jpg,wolf
02362.jpg,seal
02363.jpg,wolf
02364.jpg,horse
02365.jpg,polar+bear
02366.jpg,cow
02367.jpg,wolf
02368.jpg,elephant
02369.jpg,elephant
02370.jpg,humpback+whale
02371.jpg,weasel
02372.jpg,buffalo
02373.jpg,wolf
02374.jpg,siamese+cat
02375.jpg,wolf
02376.jpg,wolf
02377.jpg,antelope
02378.jpg,wolf
02379.jpg,walrus
02380.jpg,zebra
02381.jpg,wolf
02382.jpg,wolf
02383.jpg,killer+whale
02384.jpg,german+shepherd
02385.jpg,mole
02386.jpg,beaver
02387.jpg,siamese+cat
02388.jpg,wolf
02389.jpg,wolf
02390.jpg,buffalo
02391.jpg,zebra
02392.jpg,wolf
02393.jpg,wolf
02394.jpg,german+shepherd
02395.jpg,humpback+whale
02396.jpg,cow
02397.jpg,german+shepherd
02398.jpg,cow
02399.jpg,siamese+cat
02400.jpg,german+shepherd
02401.jpg,hippopotamus
02402.jpg,bobcat
02403.jpg,deer
02404.jpg,wolf
02405.jpg,deer
02406.jpg,bat
02407.jpg,siamese+cat
02408.jpg,wolf
02409.jpg,horse
02410.jpg,wolf
02411.jpg,deer
02412.jpg,polar+bear
02413.jpg,antelope
02414.jpg,spider+monkey
02415.jpg,wolf
02416.jpg,chihuahua
02417.jpg,buffalo
02418.jpg,wolf
02419.jpg,polar+bear
02420.jpg,pig
02421.jpg,deer
02422.jpg,seal
02423.jpg,seal
02424.jpg,wolf
02425.jpg,cow
02426.jpg,german+shepherd
02427.jpg,wolf
02428.jpg,walrus
02429.jpg,dalmatian
02430.jpg,beaver
02431.jpg,humpback+whale
02432.jpg,spider+monkey
02433.jpg,horse
02434.jpg,chihuahua
02435.jpg,rat
02436.jpg,wolf
02437.jpg,weasel
02438.jpg,cow
02439.jpg,wolf
02440.jpg,bat
02441.jpg,otter
02442.jpg,horse
02443.jpg,deer
02444.jpg,pig
02445.jpg,raccoon
02446.jpg,spider+monkey
02447.jpg,raccoon
02448.jpg,seal
02449.jpg,elephant
02450.jpg,elephant
02451.jpg,bat
02452.jpg,siamese+cat
02453.jpg,deer
02454.jpg,cow
02455.jpg,cow
02456.jpg,hamster
02457.jpg,skunk
02458.jpg,giraffe
02459.jpg,german+shepherd
02460.jpg,wolf
02461.jpg,seal
02462.jpg,ox
02463.jpg,persian+cat
02464.jpg,spider+monkey
02465.jpg,cow
02466.jpg,moose
02467.jpg,wolf
02468.jpg,seal
02469.jpg,moose
02470.jpg,beaver
02471.jpg,siamese+cat
02472.jpg,german+shepherd
02473.jpg,persian+cat
02474.jpg,walrus
02475.jpg,wolf
02476.jpg,mole
02477.jpg,rat
02478.jpg,german+shepherd
02479.jpg,buffalo
02480.jpg,rat
02481.jpg,raccoon
02482.jpg,deer
02483.jpg,siamese+cat
02484.jpg,cow
02485.jpg,hamster
02486.jpg,wolf
02487.jpg,spider+monkey
02488.jpg,persian+cat
02489.jpg,tiger
02490.jpg,german+shepherd
02491.jpg,siamese+cat
02492.jpg,deer
02493.jpg,siamese+cat
02494.jpg,siamese+cat
02495.jpg,bat
02496.jpg,buffalo
02497.jpg,bat
02498.jpg,grizzly+bear
02499.jpg,wolf
02500.jpg,cow
02501.jpg,dalmatian
02502.jpg,siamese+cat
02503.jpg,zebra
02504.jpg,elephant
02505.jpg,buffalo
02506.jpg,deer
02507.jpg,deer
02508.jpg,cow
02509.jpg,german+shepherd
02510.jpg,seal
02511.jpg,wolf
02512.jpg,beaver
02513.jpg,otter
02514.jpg,wolf
02515.jpg,persian+cat
02516.jpg,siamese+cat
02517.jpg,ox
02518.jpg,antelope
02519.jpg,wolf
02520.jpg,rat
02521.jpg,killer+whale
02522.jpg,german+shepherd
02523.jpg,wolf
02524.jpg,german+shepherd
02525.jpg,wolf
02526.jpg,seal
02527.jpg,spider+monkey
02528.jpg,persian+cat
02529.jpg,german+shepherd
02530.jpg,bat
02531.jpg,horse
02532.jpg,polar+bear
02533.jpg,zebra
02534.jpg,horse
02535.jpg,beaver
02536.jpg,horse
02537.jpg,cow
02538.jpg,cow
02539.jpg,siamese+cat
02540.jpg,deer
02541.jpg,killer+whale
02542.jpg,weasel
02543.jpg,mole
02544.jpg,leopard
02545.jpg,mouse
02546.jpg,cow
02547.jpg,wolf
02548.jpg,weasel
02549.jpg,siamese+cat
02550.jpg,german+shepherd
02551.jpg,blue+whale
02552.jpg,hamster
02553.jpg,seal
02554.jpg,killer+whale
02555.jpg,wolf
02556.jpg,rat
02557.jpg,giant+panda
02558.jpg,weasel
02559.jpg,wolf
02560.jpg,zebra
02561.jpg,horse
02562.jpg,spider+monkey
02563.jpg,cow
02564.jpg,wolf
02565.jpg,cow
02566.jpg,dalmatian
02567.jpg,otter
02568.jpg,mole
02569.jpg,grizzly+bear
02570.jpg,siamese+cat
02571.jpg,moose
02572.jpg,zebra
02573.jpg,seal
02574.jpg,hamster
02575.jpg,skunk
02576.jpg,siamese+cat
02577.jpg,deer
02578.jpg,persian+cat
02579.jpg,horse
02580.jpg,deer
02581.jpg,horse
02582.jpg,rat
02583.jpg,siamese+cat
02584.jpg,cow
02585.jpg,dalmatian
02586.jpg,humpback+whale
02587.jpg,ox
02588.jpg,seal
02589.jpg,deer
02590.jpg,moose
02591.jpg,horse
02592.jpg,horse
02593.jpg,wolf
02594.jpg,grizzly+bear
02595.jpg,wolf
02596.jpg,buffalo
02597.jpg,hippopotamus
02598.jpg,zebra
02599.jpg,horse
02600.jpg,hamster
02601.jpg,giant+panda
02602.jpg,skunk
02603.jpg,moose
02604.jpg,otter
02605.jpg,dalmatian
02606.jpg,wolf
02607.jpg,horse
02608.jpg,seal
02609.jpg,horse
02610.jpg,leopard
02611.jpg,seal
02612.jpg,german+shepherd
02613.jpg,cow
02614.jpg,wolf
02615.jpg,wolf
02616.jpg,weasel
02617.jpg,deer
02618.jpg,otter
02619.jpg,wolf
02620.jpg,otter
02621.jpg,beaver
02622.jpg,siamese+cat
02623.jpg,ox
02624.jpg,dolphin
02625.jpg,seal
02626.jpg,buffalo
02627.jpg,elephant
02628.jpg,killer+whale
02629.jpg,grizzly+bear
02630.jpg,leopard
02631.jpg,walrus
02632.jpg,wolf
02633.jpg,spider+monkey
02634.jpg,german+shepherd
02635.jpg,tiger
02636.jpg,cow
02637.jpg,wolf
02638.jpg,zebra
02639.jpg,wolf
02640.jpg,giant+panda
02641.jpg,spider+monkey
02642.jpg,pig
02643.jpg,wolf
02644.jpg,seal
02645.jpg,pig
02646.jpg,grizzly+bear
02647.jpg,siamese+cat
02648.jpg,wolf
02649.jpg,weasel
02650.jpg,ox
02651.jpg,siamese+cat
02652.jpg,buffalo
02653.jpg,deer
02654.jpg,leopard
02655.jpg,mouse
02656.jpg,leopard
02657.jpg,wolf
02658.jpg,wolf
02659.jpg,bobcat
02660.jpg,giraffe
02661.jpg,seal
02662.jpg,buffalo
02663.jpg,bat
02664.jpg,wolf
02665.jpg,zebra
02666.jpg,siamese+cat
02667.jpg,grizzly+bear
02668.jpg,otter
02669.jpg,horse
02670.jpg,wolf
02671.jpg,weasel
02672.jpg,humpback+whale
02673.jpg,wolf
02674.jpg,cow
02675.jpg,german+shepherd
02676.jpg,deer
02677.jpg,killer+whale
02678.jpg,wolf
02679.jpg,wolf
02680.jpg,wolf
02681.jpg,wolf
02682.jpg,wolf
02683.jpg,chihuahua
02684.jpg,elephant
02685.jpg,wolf
02686.jpg,siamese+cat
02687.jpg,horse
02688.jpg,elephant
02689.jpg,wolf
02690.jpg,wolf
02691.jpg,dalmatian
02692.jpg,giant+panda
02693.jpg,siamese+cat
02694.jpg,deer
02695.jpg,wolf
02696.jpg,seal
02697.jpg,deer
02698.jpg,zebra
02699.jpg,wolf
02700.jpg,bat
02701.jpg,persian+cat
02702.jpg,bobcat
02703.jpg,buffalo
02704.jpg,weasel
02705.jpg,persian+cat
02706.jpg,humpback+whale
02707.jpg,wolf
02708.jpg,weasel
02709.jpg,raccoon
02710.jpg,spider+monkey
02711.jpg,cow
02712.jpg,german+shepherd
02713.jpg,raccoon
02714.jpg,blue+whale
02715.jpg,bat
02716.jpg,skunk
02717.jpg,elephant
02718.jpg,wolf
02719.jpg,wolf
02720.jpg,horse
02721.jpg,deer
02722.jpg,bobcat
02723.jpg,deer
02724.jpg,otter
02725.jpg,skunk
02726.jpg,mole
02727.jpg,humpback+whale
02728.jpg,polar+bear
02729.jpg,wolf
02730.jpg,rat
02731.jpg,bat
02732.jpg,mouse
02733.jpg,horse
02734.jpg,wolf
02735.jpg,siamese+cat
02736.jpg,walrus
02737.jpg,tiger
02738.jpg,humpback+whale
02739.jpg,german+shepherd
02740.jpg,siamese+cat
02741.jpg,elephant
02742.jpg,siamese+cat
02743.jpg,wolf
02744.jpg,polar+bear
02745.jpg,otter
02746.jpg,beaver
02747.jpg,horse
02748.jpg,humpback+whale
02749.jpg,elephant
02750.jpg,killer+whale
02751.jpg,buffalo
02752.jpg,antelope
02753.jpg,siamese+cat
02754.jpg,horse
02755.jpg,elephant
02756.jpg,seal
02757.jpg,weasel
02758.jpg,polar+bear
02759.jpg,giant+panda
02760.jpg,wolf
02761.jpg,moose
02762.jpg,deer
02763.jpg,wolf
02764.jpg,horse
02765.jpg,cow
02766.jpg,horse
02767.jpg,siamese+cat
02768.jpg,hippopotamus
02769.jpg,spider+monkey
02770.jpg,horse
02771.jpg,weasel
02772.jpg,spider+monkey
02773.jpg,skunk
02774.jpg,german+shepherd
02775.jpg,zebra
02776.jpg,seal
02777.jpg,beaver
02778.jpg,deer
02779.jpg,giant+panda
02780.jpg,weasel
02781.jpg,seal
02782.jpg,cow
02783.jpg,wolf
02784.jpg,weasel
02785.jpg,walrus
02786.jpg,ox
02787.jpg,wolf
02788.jpg,otter
02789.jpg,siamese+cat
02790.jpg,walrus
02791.jpg,cow
02792.jpg,bat
02793.jpg,siamese+cat
02794.jpg,weasel
02795.jpg,moose
02796.jpg,rat
02797.jpg,siamese+cat
02798.jpg,seal
02799.jpg,spider+monkey
02800.jpg,spider+monkey
02801.jpg,seal
02802.jpg,skunk
02803.jpg,polar+bear
02804.jpg,otter
02805.jpg,horse
02806.jpg,otter
02807.jpg,wolf
02808.jpg,german+shepherd
02809.jpg,wolf
02810.jpg,deer
02811.jpg,seal
02812.jpg,dolphin
02813.jpg,leopard
02814.jpg,chihuahua
02815.jpg,antelope
02816.jpg,siamese+cat
02817.jpg,otter
02818.jpg,rat
02819.jpg,polar+bear
02820.jpg,giant+panda
02821.jpg,giant+panda
02822.jpg,siamese+cat
02823.jpg,elephant
02824.jpg,deer
02825.jpg,spider+monkey
02826.jpg,chihuahua
02827.jpg,wolf
02828.jpg,blue+whale
02829.jpg,wolf
02830.jpg,wolf
02831.jpg,moose
02832.jpg,buffalo
02833.jpg,seal
02834.jpg,wolf
02835.jpg,polar+bear
02836.jpg,polar+bear
02837.jpg,deer
02838.jpg,skunk
02839.jpg,polar+bear
02840.jpg,weasel
02841.jpg,german+shepherd
02842.jpg,chihuahua
02843.jpg,grizzly+bear
02844.jpg,deer
02845.jpg,blue+whale
02846.jpg,cow
02847.jpg,dolphin
02848.jpg,weasel
02849.jpg,mouse
02850.jpg,german+shepherd
02851.jpg,otter
02852.jpg,bobcat
02853.jpg,bat
02854.jpg,elephant
02855.jpg,otter
02856.jpg,wolf
02857.jpg,grizzly+bear
02858.jpg,weasel
02859.jpg,mole
02860.jpg,cow
02861.jpg,wolf
02862.jpg,elephant
02863.jpg,raccoon
02864.jpg,wolf
02865.jpg,horse
02866.jpg,ox
02867.jpg,leopard
02868.jpg,wolf
02869.jpg,horse
02870.jpg,bat
02871.jpg,dalmatian
02872.jpg,leopard
02873.jpg,weasel
02874.jpg,buffalo
02875.jpg,wolf
02876.jpg,weasel
02877.jpg,german+shepherd
02878.jpg,deer
02879.jpg,siamese+cat
02880.jpg,wolf
02881.jpg,wolf
02882.jpg,wolf
02883.jpg,mouse
02884.jpg,deer
02885.jpg,deer
02886.jpg,killer+whale
02887.jpg,mouse
02888.jpg,siamese+cat
02889.jpg,deer
02890.jpg,grizzly+bear
02891.jpg,pig
02892.jpg,mouse
02893.jpg,otter
02894.jpg,wolf
02895.jpg,wolf
02896.jpg,mouse
02897.jpg,cow
02898.jpg,elephant
02899.jpg,otter
02900.jpg,killer+whale
02901.jpg,wolf
02902.jpg,killer+whale
02903.jpg,blue+whale
02904.jpg,hippopotamus
02905.jpg,beaver
02906.jpg,otter
02907.jpg,spider+monkey
02908.jpg,leopard
02909.jpg,deer
02910.jpg,deer
02911.jpg,deer
02912.jpg,wolf
02913.jpg,hippopotamus
02914.jpg,weasel
02915.jpg,deer
02916.jpg,wolf
02917.jpg,wolf
02918.jpg,giraffe
02919.jpg,wolf
02920.jpg,siamese+cat
02921.jpg,elephant
02922.jpg,horse
02923.jpg,german+shepherd
02924.jpg,beaver
02925.jpg,otter
02926.jpg,lion
02927.jpg,wolf
02928.jpg,wolf
02929.jpg,rat
02930.jpg,seal
02931.jpg,siamese+cat
02932.jpg,cow
02933.jpg,spider+monkey
02934.jpg,spider+monkey
02935.jpg,skunk
02936.jpg,giant+panda
02937.jpg,leopard
02938.jpg,deer
02939.jpg,horse
02940.jpg,grizzly+bear
02941.jpg,grizzly+bear
02942.jpg,otter
02943.jpg,blue+whale
02944.jpg,cow
02945.jpg,elephant
02946.jpg,wolf
02947.jpg,wolf
02948.jpg,raccoon
02949.jpg,wolf
02950.jpg,siamese+cat
02951.jpg,horse
02952.jpg,spider+monkey
02953.jpg,deer
02954.jpg,horse
02955.jpg,wolf
02956.jpg,humpback+whale
02957.jpg,deer
02958.jpg,beaver
02959.jpg,grizzly+bear
02960.jpg,dolphin
02961.jpg,horse
02962.jpg,cow
02963.jpg,wolf
02964.jpg,killer+whale
02965.jpg,pig
02966.jpg,mouse
02967.jpg,siamese+cat
02968.jpg,zebra
02969.jpg,bobcat
02970.jpg,weasel
02971.jpg,wolf
02972.jpg,bobcat
02973.jpg,skunk
02974.jpg,zebra
02975.jpg,wolf
02976.jpg,seal
02977.jpg,wolf
02978.jpg,wolf
02979.jpg,wolf
02980.jpg,siamese+cat
02981.jpg,wolf
02982.jpg,polar+bear
02983.jpg,wolf
02984.jpg,weasel
02985.jpg,siamese+cat
02986.jpg,zebra
02987.jpg,dalmatian
02988.jpg,lion
02989.jpg,moose
02990.jpg,horse
02991.jpg,tiger
02992.jpg,siamese+cat
02993.jpg,grizzly+bear
02994.jpg,antelope
02995.jpg,weasel
02996.jpg,deer
02997.jpg,siamese+cat
02998.jpg,otter
02999.jpg,leopard
03000.jpg,mouse
